Environmental bigrams,Environmental unigrams,Social bigrams,Social unigrams,Governance unigrams,Governance bigrams
Carbon Footprint,Fuel,Human Rights,Human,Independence,Board Independence
Renewable Energy,Emissions,Labor Practices,People,Governance,Board Diversity
Energy Efficiency,Carbon,Employee Engagement,Rights,Board,Executive Compensation
Water Management,Climate,Workplace Safety,Social,Executive,Shareholder Rights
Waste Management,Energy,Community Relations,Employee,Shareholder,Ethical Leadership
Pollution Prevention,Emission,Stakeholder Engagement,Community,Leadership,Corporate Governance
Environmental Conservation,Biodiversity,Product Safety,Labor,Anti-Corruption,Code of Conduct
Sustainable Practices,Water,Customer Relations,Equality,Whistleblower,Transparency
Eco-friendly Products,Waste,Social Impact,Philanthropy,Audit,Accountability
Circular Economy,Pollution,Philanthropy,Charity,Stakeholder,Risk Management
Resource Efficiency,Environmental,Social Justice,Training,Committee,Anti-Corruption Measures
Carbon Neutrality,Sustainability,Employee Benefits,Education,Legal,Whistleblower Protection
Clean Energy,Eco-friendly,Equal Opportunity,Wage,Compliance,Audit Committee
Emissions Reduction,Renewable,Well-being,Benefits,Security,Stakeholder Engagement
Environmental Compliance,Pollution,Supply Chain,Inclusion,Property,Business Ethics
Sustainable Agriculture,Environmental,Community Development,Health,Corporate,Legal Compliance
Water Conservation,Conservation,Social Capital,Safety,Corruption,Data Governance
Eco-Innovation,Sustainable,Cultural Diversity,Culture,Controls,Information Security
Sustainable Transportation,Resource,Social Equality,Ethical,Technology,Corporate Culture
Climate Resilience,Clean,Ethical Sourcing,Pensions,Hybrid,Conflicts of Interest
Eco-friendly Packaging,Conservation,Fair Trade,Salary,Device,Corporate Citizenship
Sustainable Forestry,Natural Resource,Humanitarian Aid,Insurance,management,Board Effectiveness
Carbon Offsetting,Agriculture,Child Labor,Wellness,data,Shareholder Activism
Environmental Stewardship,Eco-Innovation,Modern Slavery,Recruitment,director,Corporate Citizenship
E-waste Management,Green,Labor Standards,Talent,operation,Board Oversight
Environmental Reporting,Buildings,Employee Rights,Healthcare,,Ethical Decision-Making
Carbon Disclosure,Eco-friendly,Gender Equality,Racial,,Internal Controls
Sustainable Development,Eco-waste,Fair Wage,Gender,,Corporate Citizenship
Environmental Policy,Transportation,Consumer Privacy,Belonging,,Sustainable Governance
Wildlife Conservation,Land Use,Data Security,Satisfaction,,Hybrid Work
Zero Waste,Wildlife,Online Safety,Well-being,,Governance Communities
Scope 1,Forestry,Community Investment,Product,,Business Conduct
Scope 2,Packaging,Employee Satisfaction,Program,,Governance Indexes
Scope 3,Gas,Employee Rights,Inclusive,,Vice President
Greenhouse Gas,Power,Working Environment,Supplier,,DATA CUSTOMERS
GHG Emissions,planet,Community Impact,Academy,,
Climate Pledge,agriculture,Communities Suppliers,Networking,,
Sustainability People,animal,Suppliers Customers,Team,,
The Climate,fuel,team members,Customer,,
environmental sustainability,saf,People Environment,supply,,
regenerative agriculture,planet,Corporate Social,chain,,
RESPONSIBILITY FOOD,,Social Responsibility,local,,
food waste,,Vendor Code,vendor,,
animal,,young people,training,,
Animal Welfare,,Social Compliance,sourcing,,
Scope emissions,,Global Social,welfare,,
Climate Lobbying,,value chain,together,,
climate goals,,Supplier Code,belonging,,
climate change,,Lobbying Community,,,
fuel efficiency,,People Operating,,,
climate policy,,cast members,,,
jet fuel,,COMMUNITY FORWARD,,,
Zero Sustainability,,Responsible Products,,,
Net Zero,,Diversity Responsible,,,
Sustainability Strategy,,racial equity,,,
,,pay equity,,,